Title,Flair
About the Encylopaedia,Essentials for Newbies
Title,Flair
Aardvarks,Interesting and Miscellaneous
About,Essentials for Newbies
Absolute Unit,Memes and Trends
Accidental Alt,Features of Reddit
accidentalswastika,Memes and Trends
Account Hacked?,Essentials for Newbies
Achievements,Features of Reddit
Acronyms,Acronyms and Initials
Activity,Essentials for Newbies
Admin,Essentials for Newbies
Adopting a Subreddit,General Guides
Advertising and Self-Promotion,General Guides
Adverts,Features of Reddit
Advice Subreddits,General Guides
AFAIK,Acronyms and Initials
AITA,Acronyms and Initials
Alder’s Razor aka Newton's Flaming Laser Sword,Tropes and Oneupmanship
Alt,General Guides
AMA,Acronyms and Initials
”And My Axe!”,Memes and Trends
AnimalReddits,Interesting and Miscellaneous
Animals: Faked Photography,Culture and Etiquette
Animals: Faked Videos,Culture and Etiquette
Annual Events and Celebrations on Reddit,Lore and History
Anonymity,General Guides
Anonymous Browsing,Features of Reddit
April Fools Day,Lore and History
Astroturfing,Culture and Etiquette
ATAAE,Acronyms and Initials
ATBGE,Acronyms and Initials
AteTheOnion,Jargon and Slang
AteThePasta,Jargon and Slang
Autocarrot,Jargon and Slang
Automod,Features of Reddit
Avatar,Features of Reddit
Awards,Features of Reddit
Award Abuse,Culture and Etiquette
award-cost-bot,Interesting and Miscellaneous
Award Farming,Culture and Etiquette
Award Karma / Awardee Karma,Features of Reddit
Award Notifications,Features of Reddit
AwardSpeechEdits,Culture and Etiquette
Award Types,Features of Reddit
Title,Flair
Baader-Meinhof Phenomenon,Interesting and Miscellaneous
“Bait-and-Switch” or “The ole Reddit Bait-and-Switch”,Tropes and Oneupmanship
Bamboozled,Jargon and Slang
Ban,Essentials for Newbies
BananasForScale,Memes and Trends
Bandwagon Effect,Interesting and Miscellaneous
Ban Evasion,Essentials for Newbies
Banned,Essentials for Newbies
“Because you visited…”,Features of Reddit
beetlejuicing,Jargon and Slang
Birb,Jargon and Slang
birthofasub,Lore and History
“Blackjack and hookers”,Interesting and Miscellaneous
Blessed,Interesting and Miscellaneous
Blocking,Essentials for Newbies
Blurred Images,General Guides
”Blursed”,Jargon and Slang
Boneappletea,Jargon and Slang
BoneAppleTypo,Jargon and Slang
bonehealingjuice,Interesting and Miscellaneous
bonehurtingjuice,Interesting and Miscellaneous
Bookmark,Essentials for Newbies
Boop,Interesting and Miscellaneous
Bots,Features of Reddit
Brandolini's Law,Interesting and Miscellaneous
Brigading,Interesting and Miscellaneous
Cakeday,Essentials for Newbies
“Came here to say this.”,Jargon and Slang
Cat. or cat.,Interesting and Miscellaneous
Cat tax,Interesting and Miscellaneous
Cats,Interesting and Miscellaneous
Celebrity Redditors,Interesting and Miscellaneous
Chat,Essentials for Newbies
Chat Posts,Essentials for Newbies
Chevrons,General Guides
chrissimpsonsartist,Interesting and Miscellaneous
Chonker,Interesting and Miscellaneous
Christmas on Reddit,Interesting and Miscellaneous
Circlejerk,Jargon and Slang
CMV,Jargon and Slang
Cognitive Biases and Logical Fallacies,Interesting and Miscellaneous
Coins; Reddit Coins,Features of Reddit
Collapse Comments,General Guides
Collectible Avatars,Features of Reddit
Comment Chain,Interesting and Miscellaneous
Comment Karma,Essentials for Newbies
Comments,Essentials for Newbies
Communities,Essentials for Newbies
Community Points,Features of Reddit
Confirmation Bias,Interesting and Miscellaneous
Content and Copyright,General Guides
Copypasta,General Guides
Creating A Subreddit,General Guides
creepyasterisks,Interesting and Miscellaneous
Crosspost,General Guides
Cunningham’s Law,Interesting and Miscellaneous
cursedcomments,Interesting and Miscellaneous
Cursed Subs,Interesting and Miscellaneous
Custom Feed,General Guides
DAE,Acronyms and Initials
Dealing with Trolls,General Guides
Deleted or Removed,Essentials for Newbies
Demographics,Interesting and Miscellaneous
Diamond Hands,Interesting and Miscellaneous
Direct Chat,Essentials for Newbies
Direct Message,Essentials for Newbies
Discord,Interesting and Miscellaneous
"“Does subreddit contain profanity?""",Interesting and Miscellaneous
“Doggo Speak”,Jargon and Slang
DM,Essentials for Newbies
dontdeadopeninside,Interesting and Miscellaneous
”Doot”,Jargon and Slang
Downvote,Essentials for Newbies
DownvotedToOblivion,Interesting and Miscellaneous
Doxxing,General Guides
Duck Test,Interesting and Miscellaneous
Dunning-Kruger Effect,Interesting and Miscellaneous
E (letter),Interesting and Miscellaneous
ELI5,Acronyms and Initials
Email,Essentials for Newbies
Emojis,Interesting and Miscellaneous
Emoticons,Interesting and Miscellaneous
Eponymous Laws,Interesting and Miscellaneous
ESH,Acronyms and Initials
ESL,Acronyms and Initials
ETA; Edit:,Acronyms and Initials
Euphemism,Interesting and Miscellaneous
European Subreddits,Interesting and Miscellaneous
everyfuckingthread,Interesting and Miscellaneous
“Everyone on Reddit is a...”,Memes and Trends
“Everyone on Reddit is a bot except you.”,Interesting and Miscellaneous
EXIF Data,Essentials for Newbies
eyebleach,Interesting and Miscellaneous
Title,Flair
"F or ""F"" In The Comments",Culture and Etiquette
Fake Subreddits,Interesting and Miscellaneous
“Fake-Out” Subreddits,Interesting and Miscellaneous
False Equivalence,Interesting and Miscellaneous
Famous Redditors,Lore and History
Feeds,Features of Reddit
Filters,General Guides
Financial Help on Reddit,Features of Reddit
Flair,General Guides
Following,Culture and Etiquette
FOMO,Acronyms and Initials
foundthemobileuser,Interesting and Miscellaneous
Free Awards,Interesting and Miscellaneous
Free Reddit Premium or Coins,Features of Reddit
“Front Page of the Internet”,Interesting and Miscellaneous
FTFY,Acronyms and Initials
FWIW,Acronyms and Initials
Gaslighting,Interesting and Miscellaneous
Ghosting,Interesting and Miscellaneous
Gilding Level Trophies,Features of Reddit
“Gilt Guilt”,Jargon and Slang
Godwin’s Law,Lore and History
Gold; Gilding; Guilding,Jargon and Slang
GPT Bots,Interesting and Miscellaneous
Grammar,Interesting and Miscellaneous
“Grammar Nazi”,Interesting and Miscellaneous
Grammar Traps,Interesting and Miscellaneous
Grice's Razor,Interesting and Miscellaneous
GTAGE,Acronyms and Initials
GTBAE,Acronyms and Initials
Hacked Accounts,Interesting and Miscellaneous
Halloween,Interesting and Miscellaneous
Hamburger Menu,Interesting and Miscellaneous
Hanlon’s Razor,Interesting and Miscellaneous
Helpers on NewToReddit,Interesting and Miscellaneous
Hidden Posts,General Guides
Hiding or Blocking a Subreddit in r/all,General Guides
History,General Guides
Hitchens’ Razor,Interesting and Miscellaneous
Hivemind,Interesting and Miscellaneous
Home Feed,General Guides
Hume's Razor,Interesting and Miscellaneous
“I also choose that guy's dead wife”,Lore and History
IAmA,Acronyms and Initials
IANAD,Acronyms and Initials
IANAL,Acronyms and Initials
ICYMI,Acronyms and Initials
IDC,Acronyms and Initials
IDEK,Acronyms and Initials
Identity,Culture and Etiquette
IDK,Acronyms and Initials
"“If you want this t-shirt, say yes in the Comments”",Interesting and Miscellaneous
ihadastroke,Jargon and Slang
IIRC,Acronyms and Initials
Images,General Guides
Imgur,General Guides
"IMO, IMHO, IME",Acronyms and Initials
Inbox,General Guides
IncreasinglyVerbose,Lore and History
INFO,Acronyms and Initials
Insights,Features of Reddit
Internet Adages,Interesting and Miscellaneous
“Interesting” Subreddits,Memes and Trends
Invisible Comments,Interesting and Miscellaneous
"""I regret that I have but one upvote to give.""",Memes and Trends
IRL,Acronyms and Initials
IRTR,Acronyms and Initials
“Is there really a subreddit for everything?”,Interesting and Miscellaneous
ITAP,Acronyms and Initials
“Jannies”,Interesting and Miscellaneous
Jargon,Culture and Etiquette
Join,Essentials for Newbies
JustUnsubbed,Jargon and Slang
Karma,Essentials for Newbies
Karma Farming,Essentials for Newbies
Karma Farms,Essentials for Newbies
kys,Jargon and Slang
LARP; LARPer,Acronyms and Initials
LDR,Acronyms and Initials
LearnToReddit,Essentials for Newbies
“Learning” Subreddits,Interesting and Miscellaneous
Legal Advice on Reddit,Interesting and Miscellaneous
LeopardsAteMyFace,Interesting and Miscellaneous
LimbRetrieval-Bot,Interesting and Miscellaneous
Linking,Essentials for Newbies
Llama’s Law,Lore and History
LPT,Acronyms and Initials
Location Reddits,Interesting and Miscellaneous
Locked; Padlocked,Essentials for Newbies
Logical Fallacies,Interesting and Miscellaneous
"""Looks like you've been doing that a lot.”",Essentials for Newbies
Lost for Words,Interesting and Miscellaneous
“Lost in New”,Interesting and Miscellaneous
Lostredditors,Interesting and Miscellaneous
Title,Flair
Markdown Text,General Guides
“May I see it?”,Jargon and Slang
"“Maybe the real treasure was the friends we made along the way"".",Jargon and Slang
Medical Advice on Reddit,Interesting and Miscellaneous
Memes,Memes and Trends
Mental Health on Reddit,Interesting and Miscellaneous
Messages,Essentials for Newbies
Meta,Jargon and Slang
MFW; MRW,Acronyms and Initials
Misleading Subreddit Titles,Interesting and Miscellaneous
\[MLM\],Acronyms and Initials
Mod,Interesting and Miscellaneous
ModerationMediation,Interesting and Miscellaneous
Modmail,Essentials for Newbies
"“Mods are asleep, post……”",Jargon and Slang
Moons,Interesting and Miscellaneous
MSM,Acronyms and Initials
Multipost,Essentials for Newbies
Multireddit,Interesting and Miscellaneous
”My (24F) friend (26M)”,Interesting and Miscellaneous
NAH,Acronyms and Initials
Neckbeard,Jargon and Slang
New Reddit; Old Reddit,Lore and History
New Year Celebrations on Reddit,Interesting and Miscellaneous
Next-Generation Recommendations,Interesting and Miscellaneous
NGL,Acronyms and Initials
“Nice.”,Jargon and Slang
“Ninja Edit:”,Jargon and Slang
“No good deed goes unpunished”,Jargon and Slang
nosafetysmokingfirst,Interesting and Miscellaneous
”Not all X are Like That”,Jargon and Slang
Notification,Essentials for Newbies
Notorious Redditors,Lore and History
NP or “No Participation”,Acronyms and Initials
NSFL,Acronyms and Initials
NSFW,Acronyms and Initials
NSFW Accounts,Acronyms and Initials
nottheonion,Interesting and Miscellaneous
NTA,Acronyms and Initials
"NYTO or “No, you’re thinking of...”",Acronyms and Initials
ObviousPlant,Jargon and Slang
OC,Acronyms and Initials
Occam's Razor,Interesting and Miscellaneous
Official Reddit Announcements,Features of Reddit
One-word Replies,Essentials for Newbies
Online Manipulation,Interesting and Miscellaneous
Online status controls,Essentials for Newbies
OP,Acronyms and Initials
Orangered,Features of Reddit
"Other Useful Dictionaries, Encyclopaedias and Lexicons",Interesting and Miscellaneous
OTP,Acronyms and Initials
Oversharing,Interesting and Miscellaneous
Padlock,Essentials for Newbies
Parent / Child Comment,Essentials for Newbies
Passwords,Essentials for Newbies
Paywalls,Interesting and Miscellaneous
Pedant; Pedantry,Interesting and Miscellaneous
Perchance,Interesting and Miscellaneous
Permaban,Interesting and Miscellaneous
PGP,Acronyms and Initials
Philosophical Razors,Interesting and Miscellaneous
Ping,Essentials for Newbies
Pinned Posts,Essentials for Newbies
Place,Interesting and Miscellaneous
Platinum Awards,Interesting and Miscellaneous
Poe’s Law,Interesting and Miscellaneous
“Pog”; “Poggers”,Interesting and Miscellaneous
Poop Knife,Interesting and Miscellaneous
Popper's Falsifiability Principle,Interesting and Miscellaneous
Porn,Interesting and Miscellaneous
Post,Essentials for Newbies
Post Flair,Essentials for Newbies
Post Insights,Essentials for Newbies
Posting Images on Reddit,Essentials for Newbies
Potato Quality,Interesting and Miscellaneous
Powermods,Jargon and Slang
Powerups,Features of Reddit
Preemptive Ban,Interesting and Miscellaneous
Premium Reddit,Features of Reddit
Privacy Issues,Features of Reddit
Private Subreddits,Features of Reddit
Profile,Essentials for Newbies
Profile Page,Essentials for Newbies
PSA,Acronyms and Initials
Psychology on Reddit,Interesting and Miscellaneous
Puns and Pop-Culture References,Interesting and Miscellaneous
quityourbullshit,Jargon and Slang
Quoting,Essentials for Newbies
Title,Flair
r/,Acronyms and Initials
"Rage Face, Rage Comic",Interesting and Miscellaneous
“Reactions”,Interesting and Miscellaneous
Recovering a Lost / Forgotten Username,General Guides
Reddit,Interesting and Miscellaneous
Reddit Coins,Features of Reddit
The Reddit Hug of Death,Interesting and Miscellaneous
“Reddit is strange like that.”,Interesting and Miscellaneous
Reddit Lore,Lore and History
Redditor,Jargon and Slang
“Reddit Moment”,Jargon and Slang
Reddit Moons,Interesting and Miscellaneous
Reddit Premium,Features of Reddit
Reddit Recap,Features of Reddit
Reddit Talk,Features of Reddit
Reddiquette,Jargon and Slang
Relationship Advice on Reddit,Interesting and Miscellaneous
Relationship and Advice Subreddits,Interesting and Miscellaneous
Relationship Sub Acronyms and Initialisms,Acronyms and Initials
Removed,Jargon and Slang
Replies,Jargon and Slang
Reporting,General Guides
Repost,General Guides
RES,Interesting and Miscellaneous
restofthefuckingowl,Interesting and Miscellaneous
Restricted Subreddits,Features of Reddit
Revenge Subreddits,Interesting and Miscellaneous
Reverse Image Searching,General Guides
Rickroll,Lore and History
rimjob\_steve,Jargon and Slang
RL,Acronyms and Initials
Role-Playing on Reddit,Interesting and Miscellaneous
RPAN,Features of Reddit
“Rule of Shoe”,Interesting and Miscellaneous
Rules,Features of Reddit
“Rules of the Internet”,Interesting and Miscellaneous
Title,Flair
/s,General Guides
Sadfishing,Jargon and Slang
Sagan Standard,Interesting and Miscellaneous
”Sauce?”,Jargon and Slang
Save,General Guides
Scams,Interesting and Miscellaneous
Sealioning,Interesting and Miscellaneous
Searching,General Guides
\[Serious\],General Guides
SFW,Acronyms and Initials
Shadowban,General Guides
Shill,Interesting and Miscellaneous
Shipping,Jargon and Slang
Shitpost,Jargon and Slang
Sidebar,General Guides
"“Sir, this is a Wendy's”",Lore and History
SJW,Acronyms and Initials
SMH,Acronyms and Initials
smol,Jargon and Slang
Snoo,Features of Reddit
Snoovatar,Features of Reddit
Snowclone,Jargon and Slang
SO,Acronyms and Initials
Sock Puppet,Jargon and Slang
Sort,General Guides
Spam,Interesting and Miscellaneous
Spambots,Interesting and Miscellaneous
Spambot Spotting,Interesting and Miscellaneous
Spambot Spotting Resources,Interesting and Miscellaneous
Spelling and Grammar,General Guides
Spelling and Punctuation,General Guides
Spelling and Punctuation: Apostrophe Traps,General Guides
Starter Packs,Memes and Trends
Statistics,Interesting and Miscellaneous
Stonks,Jargon and Slang
Strawman Argument,Interesting and Miscellaneous
Streisand Effect,Interesting and Miscellaneous
Subscribers,General Guides
Subreddit,General Guides
SubsTakenLiterally,Interesting and Miscellaneous
Suspended,General Guides
Suspicious Activity,General Guides
"Switcharoo or ""Ah, The Ole Reddit Switch-a-roo""",Jargon and Slang
Title,Flair
T-Shirt Posts,Interesting and Miscellaneous
“Take my upvote and leave.”,Jargon and Slang
TBH,Acronyms and Initials
technicallythetruth,Jargon and Slang
Tendies,Jargon and Slang
TFW,Acronyms and Initials
thatHappened,Jargon and Slang
thatshowthingswork,Jargon and Slang
“The Big List of Retired Questions”,Lore and History
“The Narwhal Bacons at Midnight”,Lore and History
TheRealJoke,Jargon and Slang
“There’s a Subreddit for everything”,Interesting and Miscellaneous
theydidthemath,Jargon and Slang
theyknew,Jargon and Slang
This,Jargon and Slang
“This is the newest project of him?”,Interesting and Miscellaneous
”This is the way”,Lore and History
Throwaway Account,Interesting and Miscellaneous
TIAH,Acronyms and Initials
TID,Acronyms and Initials
TIHI,Acronyms and Initials
TIFU,Acronyms and Initials
TIL,Acronyms and Initials
Time Magazine Person of the Year (2006),Lore and History
Timing,Interesting and Miscellaneous
titlegore,Interesting and Miscellaneous
TL;DR:,Acronyms and Initials
“To be fair...”,Jargon and Slang
TOMT,Acronyms and Initials
Tone Indicators,General Guides
Top-Level Comment,General Guides
Trophies,Features of Reddit
TW; CW,Acronyms and Initials
Two-Factor Authorisation; 2FA,General Guides
“Two Redditors One Cup”,Interesting and Miscellaneous
Title,Flair
u/,Essentials for Newbies
Unexpected……,Lore and History
Unsee Juice,Jargon and Slang
untrustworthypoptarts,Interesting and Miscellaneous
Unwritten Rules of Reddit,Interesting and Miscellaneous
The “Unwritten Rule of Gilding”,Interesting and Miscellaneous
Upvote,Essentials for Newbies
User Flair,Essentials for Newbies
User-History Based Moderation,Interesting and Miscellaneous
Username,Essentials for Newbies
UsernameChecksOut,Jargon and Slang
UWU,Interesting and Miscellaneous
Visibility,Essentials for Newbies
Void,Interesting and Miscellaneous
Vote Arrows hidden or greyed-out on Posts,Essentials for Newbies
Vote Fuzzing,General Guides
Vote Manipulation,Features of Reddit
Vowels,Interesting and Miscellaneous
"“We did it, Reddit!”",Lore and History
“When is the best time to Post for maximum attention?”,Essentials for Newbies
Wholesome,Jargon and Slang
WIBTA,Acronyms and Initials
Wiki,Essentials for Newbies
wildbeef,Interesting and Miscellaneous
Wishful Multiupvote,Interesting and Miscellaneous
Witty Comebacks,Interesting and Miscellaneous
woooosh,Interesting and Miscellaneous
WSB,Acronyms and Initials
X-Post,Essentials for Newbies
YMMV,Acronyms and Initials
YOLO,Acronyms and Initials
“You are doing that too much”,Essentials for Newbies
"""You are technically correct, the best type of correct""",Interesting and Miscellaneous
YSK,Acronyms and Initials
YTA,Acronyms and Initials
YWBTA,Acronyms and Initials
Z,Interesting and Miscellaneous
