Title,URL
"F or ""F"" In The Comments",https://redd.it/110msat/
Fake Subreddits,https://redd.it/110msc5/
“Fake-Out” Subreddits,https://redd.it/110mseh/
False Equivalence,https://redd.it/110msfz/
Famous Redditors,https://redd.it/110msia/
Feeds,https://redd.it/110mskj/
Filters,https://redd.it/110msm7/
Financial Help on Reddit,https://redd.it/110msod/
Flair,https://redd.it/110msqg/
Following,https://redd.it/110mss9/
FOMO,https://redd.it/110msu7/
foundthemobileuser,https://redd.it/110msvu/
Free Awards,https://redd.it/110msyb/
Free Reddit Premium or Coins,https://redd.it/110mt14/
“Front Page of the Internet”,https://redd.it/110mt3h/
FTFY,https://redd.it/110mt5p/
FWIW,https://redd.it/110mt6y/
Gaslighting,https://redd.it/110mt94/
Ghosting,https://redd.it/110mtal/
Gilding Level Trophies,https://redd.it/110mtck/
“Gilt Guilt”,https://redd.it/110mtep/
Godwin’s Law,https://redd.it/110mtgh/
Gold; Gilding; Guilding,https://redd.it/110mtio/
GPT Bots,https://redd.it/110mtkq/
Grammar,https://redd.it/110mtmi/
“Grammar Nazi”,https://redd.it/110mtop/
Grammar Traps,https://redd.it/110mtqd/
Grice's Razor,https://redd.it/110mtsb/
GTAGE,https://redd.it/110mtu6/
GTBAE,https://redd.it/110mtw6/
Hacked Accounts,https://redd.it/110mty3/
Halloween,https://redd.it/110mtzn/
Hamburger Menu,https://redd.it/110mu1k/
Hanlon’s Razor,https://redd.it/110mu3l/
Helpers on NewToReddit,https://redd.it/110mu5q/
Hidden Posts,https://redd.it/110mu7v/
Hiding or Blocking a Subreddit in r/all,https://redd.it/110mu9h/
History,https://redd.it/110mubq/
Hitchens’ Razor,https://redd.it/110mudu/
Hivemind,https://redd.it/110mufs/
Home Feed,https://redd.it/110muic/
Hume's Razor,https://redd.it/110muk2/
“I also choose that guy's dead wife”,https://redd.it/110mulw/
IAmA,https://redd.it/110muo2/
IANAD,https://redd.it/110muqj/
IANAL,https://redd.it/110mus8/
ICYMI,https://redd.it/110muu9/
IDC,https://redd.it/110muwf/
IDEK,https://redd.it/110muxs/
Identity,https://redd.it/110muzl/
IDK,https://redd.it/110mv2b/
"“If you want this t-shirt, say yes in the Comments”",https://redd.it/110mv48/
ihadastroke,https://redd.it/110mv6z/
IIRC,https://redd.it/110mv92/
Images,https://redd.it/110mvas/
Imgur,https://redd.it/110mvcl/
"IMO, IMHO, IME",https://redd.it/110mveq/
Inbox,https://redd.it/110mvgp/
IncreasinglyVerbose,https://redd.it/110mviv/
INFO,https://redd.it/110mvl6/
Insights,https://redd.it/110mvmy/
Internet Adages,https://redd.it/110mvoi/
“Interesting” Subreddits,https://redd.it/110mvqo/
Invisible Comments,https://redd.it/110mvt2/
"""I regret that I have but one upvote to give.""",https://redd.it/110mvv5/
IRL,https://redd.it/110mvx6/
IRTR,https://redd.it/110mvz5/
“Is there really a subreddit for everything?”,https://redd.it/110mw14/
ITAP,https://redd.it/110mw3b/
“Jannies”,https://redd.it/110mw5q/
Jargon,https://redd.it/110mw7m/
Join,https://redd.it/110mw9x/
JustUnsubbed,https://redd.it/110mwc7/
Karma,https://redd.it/110mwe9/
Karma Farming,https://redd.it/110mwgs/
Karma Farms,https://redd.it/110mwiv/
kys,https://redd.it/110mwl9/
LARP; LARPer,https://redd.it/110mwn6/
LDR,https://redd.it/110mwpc/
LearnToReddit,https://redd.it/110mwrh/
“Learning” Subreddits,https://redd.it/110mwu0/
Legal Advice on Reddit,https://redd.it/110mwvx/
LeopardsAteMyFace,https://redd.it/110mwy8/
LimbRetrieval-Bot,https://redd.it/110mwzq/
Linking,https://redd.it/110mx1u/
Llama’s Law,https://redd.it/110mx42/
LPT,https://redd.it/110mx58/
Location Reddits,https://redd.it/110mx7m/
Locked; Padlocked,https://redd.it/110mx97/
Logical Fallacies,https://redd.it/110mxb5/
"""Looks like you've been doing that a lot.”",https://redd.it/110mxcu/
Lost for Words,https://redd.it/110mxfa/
“Lost in New”,https://redd.it/110mxh6/
Lostredditors,https://redd.it/110mxju/
/s,https://redd.it/110n9vs/
Sadfishing,https://redd.it/110n9xs/
Sagan Standard,https://redd.it/110n9zk/
”Sauce?”,https://redd.it/110na1s/
Save,https://redd.it/110na3l/
Scams,https://redd.it/110na5v/
Sealioning,https://redd.it/110na7u/
Searching,https://redd.it/110naaa/
\[Serious\],https://redd.it/110nabv/
SFW,https://redd.it/110nads/
Shadowban,https://redd.it/110nafl/
Shill,https://redd.it/110nah7/
Shipping,https://redd.it/110naj3/
Shitpost,https://redd.it/110nald/
Sidebar,https://redd.it/110nanj/
"“Sir, this is a Wendy's”",https://redd.it/110napj/
SJW,https://redd.it/110narm/
SMH,https://redd.it/110natk/
smol,https://redd.it/110navb/
Snoo,https://redd.it/110naxe/
Snoovatar,https://redd.it/110nazw/
Snowclone,https://redd.it/110nb1n/
SO,https://redd.it/110nb3s/
Sock Puppet,https://redd.it/110nb5n/
Sort,https://redd.it/110nb7f/
Spam,https://redd.it/110nb91/
Spambots,https://redd.it/110nbaz/
Spambot Spotting,https://redd.it/110nbcy/
Spambot Spotting Resources,https://redd.it/110nbfh/
Spelling and Grammar,https://redd.it/110nbhp/
Spelling and Punctuation,https://redd.it/110nbog/
Spelling and Punctuation: Apostrophe Traps,https://redd.it/110nbsb/
Starter Packs,https://redd.it/110nbur/
Statistics,https://redd.it/110nbxb/
Stonks,https://redd.it/110nbzb/
Strawman Argument,https://redd.it/110nc1f/
Streisand Effect,https://redd.it/110nc3c/
Subscribers,https://redd.it/110nc4w/
Subreddit,https://redd.it/110nc75/
SubsTakenLiterally,https://redd.it/110nc9k/
Suspended,https://redd.it/110ncbo/
Suspicious Activity,https://redd.it/110ncdn/
"Switcharoo or ""Ah, The Ole Reddit Switch-a-roo""",https://redd.it/110ncfq/
Markdown Text,https://redd.it/110mzvk/
“May I see it?”,https://redd.it/110mzww/
"“Maybe the real treasure was the friends we made along the way"".",https://redd.it/110mzyz/
Medical Advice on Reddit,https://redd.it/110n012/
Memes,https://redd.it/110n030/
Mental Health on Reddit,https://redd.it/110n051/
Messages,https://redd.it/110n06p/
Meta,https://redd.it/110n091/
MFW; MRW,https://redd.it/110n0az/
Misleading Subreddit Titles,https://redd.it/110n0cz/
\[MLM\],https://redd.it/110n0ew/
Mod,https://redd.it/110n0gq/
ModerationMediation,https://redd.it/110n0il/
Modmail,https://redd.it/110n0k0/
"“Mods are asleep, post……”",https://redd.it/110n0m6/
Moons,https://redd.it/110n0nx/
MSM,https://redd.it/110n0q2/
Multipost,https://redd.it/110n0rl/
Multireddit,https://redd.it/110n0tl/
”My (24F) friend (26M)”,https://redd.it/110n0vs/
NAH,https://redd.it/110n0xc/
Neckbeard,https://redd.it/110n0z2/
New Reddit; Old Reddit,https://redd.it/110n119/
New Year Celebrations on Reddit,https://redd.it/110n12m/
Next-Generation Recommendations,https://redd.it/110n14p/
NGL,https://redd.it/110n16p/
“Nice.”,https://redd.it/110n18l/
“Ninja Edit:”,https://redd.it/110n1ac/
“No good deed goes unpunished”,https://redd.it/110n1cj/
nosafetysmokingfirst,https://redd.it/110n1dr/
”Not all X are Like That”,https://redd.it/110n1fu/
Notification,https://redd.it/110n1hu/
Notorious Redditors,https://redd.it/110n1jo/
NP or “No Participation”,https://redd.it/110n1md/
NSFL,https://redd.it/110n1of/
NSFW,https://redd.it/110n1qf/
NSFW Accounts,https://redd.it/110n1s3/
nottheonion,https://redd.it/110n1tu/
NTA,https://redd.it/110n1vg/
"NYTO or “No, you’re thinking of...”",https://redd.it/110n1xf/
ObviousPlant,https://redd.it/110n1zd/
OC,https://redd.it/110n211/
Occam's Razor,https://redd.it/110n22t/
Official Reddit Announcements,https://redd.it/110n24k/
One-word Replies,https://redd.it/110n267/
Online Manipulation,https://redd.it/110n28j/
Online status controls,https://redd.it/110n29z/
OP,https://redd.it/110n2bz/
Orangered,https://redd.it/110n2e4/
"Other Useful Dictionaries, Encyclopaedias and Lexicons",https://redd.it/110n2g4/
OTP,https://redd.it/110n2i3/
Oversharing,https://redd.it/110n2k8/
Padlock,https://redd.it/110n2mi/
Parent / Child Comment,https://redd.it/110n2nw/
Passwords,https://redd.it/110n2q5/
Paywalls,https://redd.it/110n2rw/
Pedant; Pedantry,https://redd.it/110n2u0/
Perchance,https://redd.it/110n2wc/
Permaban,https://redd.it/110n2yf/
PGP,https://redd.it/110n30f/
Philosophical Razors,https://redd.it/110n32a/
Ping,https://redd.it/110n336/
Pinned Posts,https://redd.it/110n358/
Place,https://redd.it/110n373/
Platinum Awards,https://redd.it/110n39g/
Poe’s Law,https://redd.it/110n3bo/
“Pog”; “Poggers”,https://redd.it/110n3ei/
Poop Knife,https://redd.it/110n3gq/
Popper's Falsifiability Principle,https://redd.it/110n3ir/
Porn,https://redd.it/110n3l2/
Post,https://redd.it/110n3n5/
Post Flair,https://redd.it/110n3ot/
Post Insights,https://redd.it/110n3r8/
Posting Images on Reddit,https://redd.it/110n3th/
Potato Quality,https://redd.it/110n3vb/
Powermods,https://redd.it/110n3xn/
Powerups,https://redd.it/110n3zl/
Preemptive Ban,https://redd.it/110n426/
Premium Reddit,https://redd.it/110n44a/
Privacy Issues,https://redd.it/110n46v/
Private Subreddits,https://redd.it/110n48q/
Profile,https://redd.it/110n4al/
Profile Page,https://redd.it/110n4d2/
PSA,https://redd.it/110n4f5/
Psychology on Reddit,https://redd.it/110n4gu/
Puns and Pop-Culture References,https://redd.it/110n4j5/
quityourbullshit,https://redd.it/110n4l9/
Quoting,https://redd.it/110n4my/
T-Shirt Posts,https://redd.it/110ndob/
“Take my upvote and leave.”,https://redd.it/110ndqm/
TBH,https://redd.it/110ndsh/
technicallythetruth,https://redd.it/110ndug/
Tendies,https://redd.it/110ndwb/
TFW,https://redd.it/110ndyc/
thatHappened,https://redd.it/110ne0f/
thatshowthingswork,https://redd.it/110ne2j/
“The Big List of Retired Questions”,https://redd.it/110ne4f/
“The Narwhal Bacons at Midnight”,https://redd.it/110ne6h/
TheRealJoke,https://redd.it/110ne8c/
“There’s a Subreddit for everything”,https://redd.it/110nean/
theydidthemath,https://redd.it/110necx/
theyknew,https://redd.it/110neek/
This,https://redd.it/110negl/
“This is the newest project of him?”,https://redd.it/110neip/
”This is the way”,https://redd.it/110nekw/
Throwaway Account,https://redd.it/110nem3/
TIAH,https://redd.it/110neod/
TID,https://redd.it/110neqc/
TIHI,https://redd.it/110nesm/
TIFU,https://redd.it/110neum/
TIL,https://redd.it/110newo/
Time Magazine Person of the Year (2006),https://redd.it/110neyr/
Timing,https://redd.it/110nf0q/
titlegore,https://redd.it/110nf32/
TL;DR:,https://redd.it/110nf5l/
“To be fair...”,https://redd.it/110nf7l/
TOMT,https://redd.it/110nfaa/
Tone Indicators,https://redd.it/110nfc0/
Top-Level Comment,https://redd.it/110nfde/
Trophies,https://redd.it/110nfff/
TW; CW,https://redd.it/110nfhn/
Two-Factor Authorisation; 2FA,https://redd.it/110nfjt/
“Two Redditors One Cup”,https://redd.it/110nflp/
Aardvarks,https://redd.it/110mk2f/
About,https://redd.it/110mk30/
Absolute Unit,https://redd.it/110mk3r/
Accidental Alt,https://redd.it/110mk4e/
accidentalswastika,https://redd.it/110mk5b/
Account Hacked?,https://redd.it/110mk62/
Achievements,https://redd.it/110mk6u/
Acronyms,https://redd.it/110mk7t/
Activity,https://redd.it/110mk8j/
Admin,https://redd.it/110mk9g/
Adopting a Subreddit,https://redd.it/110mkaa/
Advertising and Self-Promotion,https://redd.it/110mkar/
Adverts,https://redd.it/110mkbl/
Advice Subreddits,https://redd.it/110mkci/
AFAIK,https://redd.it/110mkda/
AITA,https://redd.it/110mkds/
Alder’s Razor aka Newton's Flaming Laser Sword,https://redd.it/110mkeh/
Alt,https://redd.it/110mkf3/
AMA,https://redd.it/110mkgb/
”And My Axe!”,https://redd.it/110mkgy/
AnimalReddits,https://redd.it/110mkht/
Animals: Faked Photography,https://redd.it/110mkik/
Animals: Faked Videos,https://redd.it/110mkjj/
Annual Events and Celebrations on Reddit,https://redd.it/110mkki/
Anonymity,https://redd.it/110mklu/
Anonymous Browsing,https://redd.it/110mkmf/
April Fools Day,https://redd.it/110mkn3/
Astroturfing,https://redd.it/110mko4/
ATAAE,https://redd.it/110mkot/
ATBGE,https://redd.it/110mkq1/
AteTheOnion,https://redd.it/110mkqp/
AteThePasta,https://redd.it/110mkrf/
Autocarrot,https://redd.it/110mkry/
Automod,https://redd.it/110mkso/
Avatar,https://redd.it/110mktc/
Awards,https://redd.it/110mktr/
Award Abuse,https://redd.it/110mkud/
award-cost-bot,https://redd.it/110mkv1/
Award Farming,https://redd.it/110mkvc/
Award Karma / Awardee Karma,https://redd.it/110mkvr/
Award Notifications,https://redd.it/110mkwe/
AwardSpeechEdits,https://redd.it/110mkwy/
Award Types,https://redd.it/110mkxp/
u/,https://redd.it/110ngl7/
Unexpected……,https://redd.it/110ngmx/
Unsee Juice,https://redd.it/110ngoq/
untrustworthypoptarts,https://redd.it/110ngqq/
Unwritten Rules of Reddit,https://redd.it/110ngst/
The “Unwritten Rule of Gilding”,https://redd.it/110ngum/
Upvote,https://redd.it/110ngwy/
User Flair,https://redd.it/110ngyh/
User-History Based Moderation,https://redd.it/110nh0k/
Username,https://redd.it/110nh28/
UsernameChecksOut,https://redd.it/110nh3o/
UWU,https://redd.it/110nh64/
Visibility,https://redd.it/110nh85/
Void,https://redd.it/110nha2/
Vote Arrows hidden or greyed-out on Posts,https://redd.it/110nhc4/
Vote Fuzzing,https://redd.it/110nhea/
Vote Manipulation,https://redd.it/110nhg7/
Vowels,https://redd.it/110nhi0/
"“We did it, Reddit!”",https://redd.it/110nhjw/
“When is the best time to Post for maximum attention?”,https://redd.it/110nhm0/
Wholesome,https://redd.it/110nho3/
WIBTA,https://redd.it/110nhpx/
Wiki,https://redd.it/110nhrv/
wildbeef,https://redd.it/110nhtv/
Wishful Multiupvote,https://redd.it/110nhvk/
Witty Comebacks,https://redd.it/110nhy0/
woooosh,https://redd.it/110nhzk/
WSB,https://redd.it/110ni1g/
X-Post,https://redd.it/110ni3f/
YMMV,https://redd.it/110ni54/
YOLO,https://redd.it/110ni7a/
“You are doing that too much”,https://redd.it/110ni9g/
"""You are technically correct, the best type of correct""",https://redd.it/110nib8/
YSK,https://redd.it/110nict/
YTA,https://redd.it/110nif1/
YWBTA,https://redd.it/110nih1/
Z,https://redd.it/110niio/
This Entry will get removed,https://redd.it/110rpzn/
Baader-Meinhof Phenomenon,https://redd.it/110mldv/
“Bait-and-Switch” or “The ole Reddit Bait-and-Switch”,https://redd.it/110mles/
Bamboozled,https://redd.it/110mlfm/
Ban,https://redd.it/110mlg3/
BananasForScale,https://redd.it/110mlgx/
Bandwagon Effect,https://redd.it/110mlhk/
Ban Evasion,https://redd.it/110mli3/
Banned,https://redd.it/110mlja/
“Because you visited…”,https://redd.it/110mlk5/
beetlejuicing,https://redd.it/110mlku/
Birb,https://redd.it/110mllh/
birthofasub,https://redd.it/110mlm4/
“Blackjack and hookers”,https://redd.it/110mlmp/
Blessed,https://redd.it/110mlnr/
Blocking,https://redd.it/110mloe/
Blurred Images,https://redd.it/110mlp9/
”Blursed”,https://redd.it/110mlpv/
Boneappletea,https://redd.it/110mlqf/
BoneAppleTypo,https://redd.it/110mlr0/
bonehealingjuice,https://redd.it/110mlrt/
bonehurtingjuice,https://redd.it/110mlsf/
Bookmark,https://redd.it/110mlt7/
Boop,https://redd.it/110mltn/
Bots,https://redd.it/110mlug/
Brandolini's Law,https://redd.it/110mlv1/
Brigading,https://redd.it/110mlvw/
Cakeday,https://redd.it/110mlwj/
“Came here to say this.”,https://redd.it/110mlxd/
Cat. or cat.,https://redd.it/110mlxu/
Cat tax,https://redd.it/110mlye/
Cats,https://redd.it/110mlyy/
Celebrity Redditors,https://redd.it/110mlzq/
Chat,https://redd.it/110mm0j/
Chat Posts,https://redd.it/110mm0y/
Chevrons,https://redd.it/110mm25/
chrissimpsonsartist,https://redd.it/110mm4c/
Chonker,https://redd.it/110mm5x/
Christmas on Reddit,https://redd.it/110mm8c/
Circlejerk,https://redd.it/110mmcg/
CMV,https://redd.it/110mmff/
Cognitive Biases and Logical Fallacies,https://redd.it/110mmig/
Coins; Reddit Coins,https://redd.it/110mml0/
Collapse Comments,https://redd.it/110mmmz/
Collectible Avatars,https://redd.it/110mmpa/
Comment Chain,https://redd.it/110mmri/
Comment Karma,https://redd.it/110mmt7/
Comments,https://redd.it/110mmvs/
Communities,https://redd.it/110mmy1/
Community Points,https://redd.it/110mmzz/
Confirmation Bias,https://redd.it/110mn1w/
Content and Copyright,https://redd.it/110mn3x/
Copypasta,https://redd.it/110mn60/
Creating A Subreddit,https://redd.it/110mn7x/
creepyasterisks,https://redd.it/110mna6/
Crosspost,https://redd.it/110mncg/
Cunningham’s Law,https://redd.it/110mne8/
cursedcomments,https://redd.it/110mngj/
Cursed Subs,https://redd.it/110mnin/
Custom Feed,https://redd.it/110mnku/
DAE,https://redd.it/110mnmz/
Dealing with Trolls,https://redd.it/110mnoo/
Deleted or Removed,https://redd.it/110mnqu/
Demographics,https://redd.it/110mnt1/
Diamond Hands,https://redd.it/110mnvz/
Direct Chat,https://redd.it/110mnyf/
Direct Message,https://redd.it/110mo10/
Discord,https://redd.it/110mo36/
"“Does subreddit contain profanity?""",https://redd.it/110mo50/
“Doggo Speak”,https://redd.it/110mo7k/
DM,https://redd.it/110mo9s/
dontdeadopeninside,https://redd.it/110moc6/
”Doot”,https://redd.it/110moeh/
Downvote,https://redd.it/110mogx/
DownvotedToOblivion,https://redd.it/110moin/
Doxxing,https://redd.it/110mokt/
Duck Test,https://redd.it/110mon5/
Dunning-Kruger Effect,https://redd.it/110mop7/
E (letter),https://redd.it/110morp/
ELI5,https://redd.it/110motc/
Email,https://redd.it/110movp/
Emojis,https://redd.it/110moy7/
Emoticons,https://redd.it/110mp0d/
Eponymous Laws,https://redd.it/110mp2q/
ESH,https://redd.it/110mp59/
ESL,https://redd.it/110mp7h/
ETA; Edit:,https://redd.it/110mp9g/
Euphemism,https://redd.it/110mpb9/
European Subreddits,https://redd.it/110mpd5/
everyfuckingthread,https://redd.it/110mpf7/
“Everyone on Reddit is a...”,https://redd.it/110mphi/
“Everyone on Reddit is a bot except you.”,https://redd.it/110mpjj/
EXIF Data,https://redd.it/110mplb/
eyebleach,https://redd.it/110mpn1/
About the Encylopaedia,https://redd.it/110mk13/
r/,https://redd.it/110n6z0/
"Rage Face, Rage Comic",https://redd.it/110n712/
“Reactions”,https://redd.it/110n72o/
Recovering a Lost / Forgotten Username,https://redd.it/110n753/
Reddit,https://redd.it/110n775/
Reddit Coins,https://redd.it/110n78i/
The Reddit Hug of Death,https://redd.it/110n7ah/
“Reddit is strange like that.”,https://redd.it/110n7c4/
Reddit Lore,https://redd.it/110n7ec/
Redditor,https://redd.it/110n7gv/
“Reddit Moment”,https://redd.it/110n7j1/
Reddit Moons,https://redd.it/110n7l0/
Reddit Premium,https://redd.it/110n7n7/
Reddit Recap,https://redd.it/110n7pa/
Reddit Talk,https://redd.it/110n7rd/
Reddiquette,https://redd.it/110n7tv/
Relationship Advice on Reddit,https://redd.it/110n7vo/
Relationship and Advice Subreddits,https://redd.it/110n7xg/
Relationship Sub Acronyms and Initialisms,https://redd.it/110n7zr/
Removed,https://redd.it/110n81x/
Replies,https://redd.it/110n83j/
Reporting,https://redd.it/110n85b/
Repost,https://redd.it/110n87i/
RES,https://redd.it/110n8a6/
restofthefuckingowl,https://redd.it/110n8ch/
Restricted Subreddits,https://redd.it/110n8ee/
Revenge Subreddits,https://redd.it/110n8g2/
Reverse Image Searching,https://redd.it/110n8hp/
Rickroll,https://redd.it/110n8je/
rimjob\_steve,https://redd.it/110n8li/
RL,https://redd.it/110n8nw/
Role-Playing on Reddit,https://redd.it/110n8q4/
RPAN,https://redd.it/110n8rp/
“Rule of Shoe”,https://redd.it/110n8tl/
Rules,https://redd.it/110n8vb/
“Rules of the Internet”,https://redd.it/110n8xa/
